{
  "_meta": {
    "state": "MG",
    "state_name": "Minas Gerais",
    "count": 853,
    "updated": "2025-12-05",
    "description": "Principais cidades do estado de Minas Gerais com mapeamento de variações"
  },
  "belo horizonte": "belohorizonte",
  "bh": "belohorizonte",
  "uberlandia": "uberlandia",
  "uberlândia": "uberlandia",
  "contagem": "contagem",
  "juiz de fora": "juizdefora",
  "juíz de fora": "juizdefora",
  "jf": "juizdefora",
  "betim": "betim",
  "montes claros": "montesclaros",
  "ribeirao das neves": "ribeiraoneves",
  "ribeirão das neves": "ribeiraoneves",
  "uberaba": "uberaba",
  "governador valadares": "governadorvaladares",
  "gov valadares": "governadorvaladares",
  "ipatinga": "ipatinga",
  "santa luzia": "santaluzia",
  "sete lagoas": "setelagoas",
  "divinopolis": "divinopolis",
  "divinópolis": "divinopolis",
  "ibirité": "ibirite",
  "ibirite": "ibirite",
  "pocos de caldas": "pocosdecaldas",
  "poços de caldas": "pocosdecaldas",
  "patos de minas": "patosdeminas",
  "teofilo otoni": "teofilootoni",
  "teófilo otoni": "teofilootoni",
  "sabara": "sabara",
  "sabará": "sabara",
  "pouso alegre": "pousoalegre",
  "barbacena": "barbacena",
  "varginha": "varginha",
  "conselheiro lafaiete": "conselheirolafaiete",
  "araguari": "araguari",
  "itabira": "itabira",
  "passos": "passos",
  "coronel fabriciano": "coronelfabriciando",
  "muriae": "muriae",
  "muriaé": "muriae",
  "nova lima": "novalima",
  "uba": "uba",
  "ubá": "uba",
  "alfenas": "alfenas",
  "itajuba": "itajuba",
  "itajubá": "itajuba",
  "pará de minas": "parademinas",
  "para de minas": "parademinas",
  "itauna": "itauna",
  "itaúna": "itauna",
  "paracatu": "paracatu",
  "caratinga": "caratinga",
  "patrocinio": "patrocinio",
  "patrocínio": "patrocinio",
  "manhuacu": "manhuacu",
  "manhuaçu": "manhuacu",
  "timoteo": "timoteo",
  "timóteo": "timoteo",
  "unai": "unai",
  "unaí": "unai",
  "nova serrana": "novaserrana",
  "curvelo": "curvelo",
  "sao joao del rei": "saojoaodelrei",
  "são joão del rei": "saojoaodelrei",
  "formiga": "formiga",
  "lavras": "lavras",
  "pedro leopoldo": "pedroleopoldo",
  "esmeraldas": "esmeraldas",
  "frutal": "frutal",
  "três coracoes": "trescoracoes",
  "tres coracoes": "trescoracoes",
  "três corações": "trescoracoes",
  "campo belo": "campobelo",
  "ituiutaba": "ituiutaba",
  "lagoa santa": "lagoasanta",
  "brumadinho": "brumadinho",
  "januaria": "januaria",
  "januária": "januaria",
  "ouro preto": "ouropreto",
  "cachoeirinha": "cachoeirinha",
  "ponte nova": "pontenova",
  "joao monlevade": "joaomonlevade",
  "joão monlevade": "joaomonlevade",
  "são sebastiao do paraiso": "saosebastiaodoparaiso",
  "sao sebastiao do paraiso": "saosebastiaodoparaiso",
  "congonhas": "congonhas",
  "visconde do rio branco": "viscondedobranco",
  "abaete": "abaete",
  "abaeté": "abaete",
  "leopoldina": "leopoldina",
  "mariana": "mariana",
  "bocaiuva": "bocaiuva",
  "bocaiúva": "bocaiuva",
  "santos dumont": "santosdumont",
  "araxa": "araxa",
  "araxá": "araxa",
  "cataguases": "cataguases",
  "janauba": "janauba",
  "janaúba": "janauba",
  "guaxupe": "guaxupe",
  "guaxupé": "guaxupe",
  "lagoa da prata": "lagoadaprata",
  "monte carmelo": "montecarmelo",
  "pirapora": "pirapora",
  "santos dumont": "santosdumont",
  "são lourenço": "saolourenco",
  "sao lourenco": "saolourenco",
  "vicosa": "vicosa",
  "viçosa": "vicosa",
  "carmo do paranaiba": "carmodoparanaiba",
  "carmo do paranaíba": "carmodoparanaiba",
  "extrema": "extrema",
  "pitangui": "pitangui",
  "perdoes": "perdoes",
  "perdões": "perdoes",
  "bambui": "bambui",
  "bambuí": "bambui",
  "campanha": "campanha",
  "camanducaia": "camanducaia",
  "iturama": "iturama",
  "piumhi": "piumhi",
  "piumhí": "piumhi",
  "sao francisco": "saofrancisco",
  "são francisco": "saofrancisco",
  "carangola": "carangola",
  "almenara": "almenara",
  "salinas": "salinas",
  "andradas": "andradas",
  "monte santo de minas": "montesantodeminas",
  "diamantina": "diamantina",
  "poco fundo": "pocofundo",
  "poço fundo": "pocofundo",
  "porteirinha": "porteirinha",
  "alvinopolis": "alvinopolis",
  "alvinópolis": "alvinopolis"
}
