{
  "_meta": {
    "state": "SP",
    "state_name": "São Paulo",
    "count": 645,
    "updated": "2025-12-05",
    "description": "Principais cidades do estado de São Paulo com mapeamento de variações"
  },
  "sao paulo": "saopaulo",
  "são paulo": "saopaulo",
  "sp": "saopaulo",
  "sampa": "saopaulo",
  "guarulhos": "guarulhos",
  "campinas": "campinas",
  "sao bernardo do campo": "saobernardodocampo",
  "são bernardo do campo": "saobernardodocampo",
  "santo andre": "santoandre",
  "santo andré": "santoandre",
  "osasco": "osasco",
  "sao jose dos campos": "saojosedoscampos",
  "são josé dos campos": "saojosedoscampos",
  "ribeirao preto": "ribeiraopreto",
  "ribeirão preto": "ribeiraopreto",
  "sorocaba": "sorocaba",
  "maua": "maua",
  "mauá": "maua",
  "sao jose do rio preto": "saojosedoriopreto",
  "são josé do rio preto": "saojosedoriopreto",
  "santos": "santos",
  "mogi das cruzes": "mogidascruzes",
  "diadema": "diadema",
  "jundiai": "jundiai",
  "jundiaí": "jundiai",
  "carapicuiba": "carapicuiba",
  "carapicuíba": "carapicuiba",
  "piracicaba": "piracicaba",
  "bauru": "bauru",
  "itaquaquecetuba": "itaquaquecetuba",
  "sao vicente": "saovicente",
  "são vicente": "saovicente",
  "franca": "franca",
  "guaruja": "guaruja",
  "guarujá": "guaruja",
  "taubate": "taubate",
  "taubaté": "taubate",
  "limeira": "limeira",
  "suzano": "suzano",
  "tabua": "taboao",
  "taboão": "taboao",
  "sumare": "sumare",
  "sumaré": "sumare",
  "barueri": "barueri",
  "embu das artes": "embudasartes",
  "embu": "embudasartes",
  "sao carlos": "saocarlos",
  "são carlos": "saocarlos",
  "marilia": "marilia",
  "marília": "marilia",
  "indaiatuba": "indaiatuba",
  "cotia": "cotia",
  "americana": "americana",
  "araraquara": "araraquara",
  "jacarei": "jacarei",
  "jacareí": "jacarei",
  "presidente prudente": "presidenteprudente",
  "sertaozinho": "sertaozinho",
  "sertãozinho": "sertaozinho",
  "hortolândia": "hortolandia",
  "hortolandia": "hortolandia",
  "sao joao da boa vista": "saojoaodaboavista",
  "são joão da boa vista": "saojoaodaboavista",
  "itu": "itu",
  "araçatuba": "aracatuba",
  "aracatuba": "aracatuba",
  "botucatu": "botucatu",
  "atibaia": "atibaia",
  "jaú": "jau",
  "jau": "jau",
  "bragança paulista": "bragancapaulista",
  "braganca paulista": "bragancapaulista",
  "pindamonhangaba": "pindamonhangaba",
  "birigui": "birigui",
  "birigüi": "birigui",
  "araras": "araras",
  "ferraz de vasconcelos": "ferrazdevasconcelos",
  "francisco morato": "franciscomorato",
  "itapevi": "itapevi",
  "araraquara": "araraquara",
  "guaratingueta": "guaratingueta",
  "guaratinguetá": "guaratingueta",
  "catanduva": "catanduva",
  "itapetininga": "itapetininga",
  "mogi guacu": "mogiguacu",
  "mogi guaçu": "mogiguacu",
  "rio claro": "rioclaro",
  "sao caetano do sul": "saocaetanodosul",
  "são caetano do sul": "saocaetanodosul",
  "itapecerica da serra": "itapecericadaserra",
  "votuporanga": "votuporanga",
  "jales": "jales",
  "salto": "salto",
  "leme": "leme",
  "varzea paulista": "varzeapaulista",
  "várzea paulista": "varzeapaulista",
  "bebedouro": "bebedouro",
  "barretos": "barretos",
  "assis": "assis",
  "ourinhos": "ourinhos",
  "caraguatatuba": "caraguatatuba",
  "santana de parnaiba": "santanadeparnaiba",
  "santana de parnaíba": "santanadeparnaiba",
  "tatui": "tatui",
  "tatuí": "tatui",
  "sao sebastiao": "saosebastiao",
  "são sebastião": "saosebastiao",
  "franco da rocha": "francodarocha",
  "cubatao": "cubatao",
  "cubatão": "cubatao",
  "itanhaem": "itanhaem",
  "itanhaém": "itanhaem",
  "jaboticabal": "jaboticabal",
  "cruzeiro": "cruzeiro",
  "mogi mirim": "mogimirim",
  "guarapari": "guarapari",
  "itapira": "itapira",
  "itatiba": "itatiba",
  "sao joao del rei": "saojoaodelrei",
  "são joão del rei": "saojoaodelrei",
  "votorantim": "votorantim",
  "tremembe": "tremembe",
  "tremembé": "tremembe",
  "matao": "matao",
  "matão": "matao",
  "registro": "registro",
  "amparo": "amparo",
  "praia grande": "praiagrande",
  "presidente epitacio": "presidenteepitacio",
  "presidente epitácio": "presidenteepitacio",
  "lorena": "lorena",
  "sao roque": "saoroque",
  "são roque": "saoroque",
  "itupeva": "itupeva",
  "campo limpo paulista": "campolimpopaulista",
  "monte mor": "montemor",
  "rio grande da serra": "riograndedaserra",
  "vinhedo": "vinhedo",
  "jacarezinho": "jacarezinho",
  "pederneiras": "pederneiras",
  "santa barbara doeste": "santabarbaradoeste",
  "santa bárbara d'oeste": "santabarbaradoeste",
  "mococa": "mococa",
  "mocóca": "mococa",
  "porto feliz": "portofeliz",
  "peruibe": "peruibe",
  "peruíbe": "peruibe",
  "caieiras": "caieiras",
  "pirassununga": "pirassununga",
  "olimpia": "olimpia",
  "olímpia": "olimpia"
}
