{
  "_meta": {
    "state": "RS",
    "state_name": "Rio Grande do Sul",
    "count": 497,
    "updated": "2025-12-05",
    "description": "Principais cidades do estado do Rio Grande do Sul com mapeamento de variações"
  },
  "porto alegre": "portoalegre",
  "poa": "portoalegre",
  "caxias do sul": "caxiasdosul",
  "pelotas": "pelotas",
  "canoas": "canoas",
  "santa maria": "santamaria",
  "gravataí": "gravatai",
  "gravatai": "gravatai",
  "viamao": "viamao",
  "viamão": "viamao",
  "novo hamburgo": "novohamburgo",
  "sao leopoldo": "saoleopoldo",
  "são leopoldo": "saoleopoldo",
  "rio grande": "riogrande",
  "alvorada": "alvorada",
  "passo fundo": "passofundo",
  "sapucaia do sul": "sapucaiadosul",
  "uruguaiana": "uruguaiana",
  "santa cruz do sul": "santacruzdosul",
  "cachoeirinha": "cachoeirinha",
  "bag\u00e9": "bage",
  "bage": "bage",
  "bento goncalves": "bentogoncalves",
  "bento gonçalves": "bentogoncalves",
  "erechim": "erechim",
  "guaíba": "guaiba",
  "guaiba": "guaiba",
  "cachoeira do sul": "cachoeiradosul",
  "santana do livramento": "santanadolivramento",
  "esteio": "esteio",
  "ijui": "ijui",
  "ijuí": "ijui",
  "sapiranga": "sapiranga",
  "alegrete": "alegrete",
  "lajeado": "lajeado",
  "santa rosa": "santarosa",
  "venancio aires": "venancioaires",
  "venâncio aires": "venancioaires",
  "farroupilha": "farroupilha",
  "camaqua": "camaqua",
  "camaquã": "camaqua",
  "vacaria": "vacaria",
  "campo bom": "campobom",
  "montenegro": "montenegro",
  "sao gabriel": "saogabriel",
  "são gabriel": "saogabriel",
  "taquara": "taquara",
  "santiago": "santiago",
  "parobé": "parobe",
  "parobe": "parobe",
  "cacador": "cacador",
  "caçador": "cacador",
  "tramandai": "tramandai",
  "tramandaí": "tramandai",
  "cruz alta": "cruzalta",
  "sao borja": "saoborja",
  "são borja": "saoborja",
  "palmeira das missoes": "palmeiradasmissoes",
  "palmeira das missões": "palmeiradasmissoes",
  "garibaldi": "garibaldi",
  "marau": "marau",
  "santo angelo": "santoangelo",
  "santo ângelo": "santoangelo",
  "tres passos": "trespassos",
  "três passos": "trespassos",
  "carazinho": "carazinho",
  "bage": "bage",
  "frederico westphalen": "fredericowestphalen",
  "frederico westfália": "fredericowestphalen",
  "panambi": "panambi",
  "estancia velha": "estanciavelha",
  "estância velha": "estanciavelha",
  "charqueadas": "charqueadas",
  "osorio": "osorio",
  "osório": "osorio",
  "serafina correa": "serafinacorrea",
  "serafina corrêa": "serafinacorrea",
  "camaqua": "camaqua",
  "tres coroas": "trescoroas",
  "três coroas": "trescoroas",
  "encantado": "encantado",
  "rosario do sul": "rosariodosul",
  "rosário do sul": "rosariodosul",
  "soledade": "soledade",
  "arroio grande": "arroiogrande",
  "alegrete": "alegrete",
  "gaurama": "gaurama",
  "quarai": "quarai",
  "quaraí": "quarai",
  "sao luiz gonzaga": "saoluizgonzaga",
  "são luiz gonzaga": "saoluizgonzaga",
  "estrela": "estrela",
  "teutonia": "teutonia",
  "teutônia": "teutonia",
  "dois irmaos": "doisirmaos",
  "dois irmãos": "doisirmaos",
  "horizontina": "horizontina",
  "sao sebastiao do cai": "saosebastiaodocai",
  "são sebastião do caí": "saosebastiaodocai",
  "portao": "portao",
  "portão": "portao",
  "ivoti": "ivoti",
  "arroio do meio": "arroiodomeio",
  "nova petropolis": "novapetropolis",
  "nova petrópolis": "novapetropolis",
  "santo antonio da patrulha": "santoantoniopatrulha",
  "santo antônio da patrulha": "santoantoniopatrulha",
  "igrejinha": "igrejinha",
  "capao da canoa": "capaodacanoa",
  "capão da canoa": "capaodacanoa",
  "torres": "torres"
}
