{
  "_meta": {
    "state": "RJ",
    "state_name": "Rio de Janeiro",
    "count": 92,
    "updated": "2025-12-05",
    "description": "Principais cidades do estado do Rio de Janeiro com mapeamento de variações"
  },
  "rio de janeiro": "riodejaneiro",
  "rio": "riodejaneiro",
  "rj": "riodejaneiro",
  "sao goncalo": "saogoncalo",
  "são gonçalo": "saogoncalo",
  "duque de caxias": "duquedecaxias",
  "nova iguacu": "novaiguacu",
  "nova iguaçu": "novaiguacu",
  "niteroi": "niteroi",
  "niterói": "niteroi",
  "belford roxo": "belfordroxo",
  "sao joao de meriti": "saojoaodemeriti",
  "são joão de meriti": "saojoaodemeriti",
  "campos dos goytacazes": "camposdosgoytacazes",
  "petropolis": "petropolis",
  "petrópolis": "petropolis",
  "volta redonda": "voltaredonda",
  "macae": "macae",
  "macaé": "macae",
  "cabo frio": "cabofrio",
  "itaborai": "itaborai",
  "itaboraí": "itaborai",
  "nova friburgo": "novafriburgo",
  "barra mansa": "barramansa",
  "angra dos reis": "angradosreis",
  "mesquita": "mesquita",
  "teresopolis": "teresopolis",
  "teresópolis": "teresopolis",
  "nilopolis": "nilopolis",
  "nilópolis": "nilopolis",
  "queimados": "queimados",
  "resende": "resende",
  "araruama": "araruama",
  "itaguai": "itaguai",
  "itaguaí": "itaguai",
  "japeri": "japeri",
  "sao pedro da aldeia": "saopedrodaaldeia",
  "são pedro da aldeia": "saopedrodaaldeia",
  "barra do pirai": "barradopirai",
  "barra do piraí": "barradopirai",
  "seropedica": "seropedica",
  "seropédica": "seropedica",
  "rio das ostras": "riodasostras",
  "tres rios": "tresrios",
  "três rios": "tresrios",
  "valenca": "valenca",
  "valença": "valenca",
  "itaperuna": "itaperuna",
  "paracambi": "paracambi",
  "marica": "marica",
  "maricá": "marica",
  "saquarema": "saquarema",
  "rio bonito": "riobonito",
  "araruama": "araruama",
  "silva jardim": "silvajardim",
  "casimiro de abreu": "casimirodeabreu",
  "guapimirim": "guapimirim",
  "paty do alferes": "patydoalferes",
  "mangaratiba": "mangaratiba",
  "paraty": "paraty",
  "sao francisco de itabapoana": "saofranciscodeitabapoana",
  "são francisco de itabapoana": "saofranciscodeitabapoana",
  "miracema": "miracema",
  "santo antonio de padua": "santoantoniopadua",
  "santo antônio de pádua": "santoantoniopadua",
  "cordeiro": "cordeiro",
  "cantagalo": "cantagalo",
  "duas barras": "duasbarras",
  "sumidouro": "sumidouro",
  "sao fidelis": "saofidelis",
  "são fidélis": "saofidelis",
  "conceicao de macabu": "conceicaodemacabu",
  "conceição de macabu": "conceicaodemacabu",
  "carmo": "carmo",
  "areal": "areal",
  "sao jose do vale do rio preto": "saojosedovaledoriopreto",
  "são josé do vale do rio preto": "saojosedovaledoriopreto"
}
