{
  "_meta": {
    "state": "BA",
    "state_name": "Bahia",
    "count": 417,
    "updated": "2025-12-05",
    "description": "Principais cidades do estado da Bahia com mapeamento de variações"
  },
  "salvador": "salvador",
  "ssa": "salvador",
  "feira de santana": "feiradesantana",
  "vitoria da conquista": "vitoriadaconquista",
  "vitória da conquista": "vitoriadaconquista",
  "camacari": "camacari",
  "camaçari": "camacari",
  "itabuna": "itabuna",
  "juazeiro": "juazeiro",
  "lauro de freitas": "laurodefreitas",
  "ilheus": "ilheus",
  "ilhéus": "ilheus",
  "jequie": "jequie",
  "jequié": "jequie",
  "teixeira de freitas": "teixeiradefreitas",
  "alagoinhas": "alagoinhas",
  "barreiras": "barreiras",
  "simoes filho": "simoesfilho",
  "simões filho": "simoesfilho",
  "paulo afonso": "pauloafonso",
  "santo antonio de jesus": "santoantoniojesus",
  "santo antônio de jesus": "santoantoniojesus",
  "valenca": "valenca",
  "valença": "valenca",
  "candeias": "candeias",
  "guanambi": "guanambi",
  "jacobina": "jacobina",
  "serrinha": "serrinha",
  "senhor do bonfim": "senhordobonfim",
  "dias davila": "diasdavila",
  "dias d'ávila": "diasdavila",
  "casa nova": "casanova",
  "brumado": "brumado",
  "luis eduardo magalhaes": "luiseduardomagalhaes",
  "luís eduardo magalhães": "luiseduardomagalhaes",
  "irecê": "irece",
  "irece": "irece",
  "itamaraju": "itamaraju",
  "itapetinga": "itapetinga",
  "eunapolis": "eunapolis",
  "eunápolis": "eunapolis",
  "porto seguro": "portoseguro",
  "cruz das almas": "cruzdasalmas",
  "euclides da cunha": "euclidesdacunha",
  "bom jesus da lapa": "bomjesusdalapa",
  "conceicao do coite": "conceicaodocoite",
  "conceição do coité": "conceicaodocoite",
  "ipira": "ipira",
  "ipirá": "ipira",
  "santaluz": "santaluz",
  "santo amaro": "santoamaro",
  "paripiranga": "paripiranga",
  "ribeira do pombal": "ribeiradopombal",
  "itaberaba": "itaberaba",
  "santo estevao": "santoestevao",
  "santo estêvão": "santoestevao",
  "medeiros neto": "mdeirosneto",
  "tucano": "tucano",
  "camacan": "camacan",
  "camaçan": "camacan",
  "barra": "barra",
  "itabela": "itabela",
  "esplanada": "esplanada",
  "sao francisco do conde": "saofranciscodoconde",
  "são francisco do conde": "saofranciscodoconde",
  "camamu": "camamu",
  "caetite": "caetite",
  "caetité": "caetite",
  "itagi": "itagi",
  "itagí": "itagi",
  "araci": "araci",
  "coaraci": "coaraci",
  "guaratinga": "guaratinga",
  "macajuba": "macajuba",
  "mata de sao joao": "matadesaojoao",
  "mata de são joão": "matadesaojoao",
  "pojuca": "pojuca",
  "riacho de santana": "riachodesantana",
  "rio real": "rioreal",
  "amargosa": "amargosa",
  "cachoeira": "cachoeira",
  "maragogipe": "maragogipe",
  "maragogipe": "maragogipe",
  "itaparica": "itaparica",
  "vera cruz": "veracruz",
  "sao felipe": "saofelipe",
  "são felipe": "saofelipe",
  "saubara": "saubara",
  "tanhacu": "tanhacu",
  "tanhaçu": "tanhacu",
  "itororo": "itororo",
  "itororó": "itororo",
  "ubaitaba": "ubaitaba",
  "uruçuca": "urucuca",
  "urucuca": "urucuca",
  "itacare": "itacare",
  "itacaré": "itacare",
  "gandu": "gandu",
  "ipiau": "ipiau",
  "ipiaú": "ipiau",
  "ibicarai": "ibicarai",
  "ibicaraí": "ibicarai",
  "itapetinga": "itapetinga",
  "itabatã": "itabata",
  "itabata": "itabata",
  "cairu": "cairu",
  "cairu": "cairu"
}
