{
  "_meta": {
    "description": "Mapeamento de siglas para nomes completos dos estados brasileiros",
    "version": "1.0.0",
    "updated": "2025-12-05",
    "total": 27
  },
  "AC": { "code": "ac", "name": "acre" },
  "AL": { "code": "al", "name": "alagoas" },
  "AP": { "code": "ap", "name": "amapa" },
  "AM": { "code": "am", "name": "amazonas" },
  "BA": { "code": "ba", "name": "bahia" },
  "CE": { "code": "ce", "name": "ceara" },
  "DF": { "code": "df", "name": "distritofederal" },
  "ES": { "code": "es", "name": "espiritosanto" },
  "GO": { "code": "go", "name": "goias" },
  "MA": { "code": "ma", "name": "maranhao" },
  "MT": { "code": "mt", "name": "matogrosso" },
  "MS": { "code": "ms", "name": "matogrossodosul" },
  "MG": { "code": "mg", "name": "minasgerais" },
  "PA": { "code": "pa", "name": "para" },
  "PB": { "code": "pb", "name": "paraiba" },
  "PR": { "code": "pr", "name": "parana" },
  "PE": { "code": "pe", "name": "pernambuco" },
  "PI": { "code": "pi", "name": "piaui" },
  "RJ": { "code": "rj", "name": "riodejaneiro" },
  "RN": { "code": "rn", "name": "riograndedonorte" },
  "RS": { "code": "rs", "name": "riograndedosul" },
  "RO": { "code": "ro", "name": "rondonia" },
  "RR": { "code": "rr", "name": "roraima" },
  "SC": { "code": "sc", "name": "santacatarina" },
  "SP": { "code": "sp", "name": "saopaulo" },
  "SE": { "code": "se", "name": "sergipe" },
  "TO": { "code": "to", "name": "tocantins" }
}
